name, job, salary, localtion, education, exp, discription
软通动力技术服务有限公司分支机构, 架构师（Python方向）, 面议, 西安-高新区, 本科及以上, 3年工作经验, 【岗位职责】 1、从事公有云安全服务、安全组件设计开发； 2、端到端交付特性，独立完成需求分析、模块设计已经软件开发和自检； 3、参与技术规划、方案设计，改进代码，提升代码质量和效率。  【岗位要求】 1、精通JAVA、Python、C/C++一种或者多种编程语言，熟悉数据库、数据结构、算法等，掌握软件工程、敏捷开发模型，熟练掌握和应用各种设计模式； 2、计算机、软件、信息安全等相关专业毕业。 3、计算机、软件、通信等相关专业毕业，本科及以上学历，2年以上开发经验。
文思海辉, Python开发工程师, 10-18万, 西安, 统招本科, 2年工作经验, 职位说明： 1、搭建系统开发环境，完成系统框架和核心代码的实现，负责解决开发过程中的技术问题； 2、负责Python技术的相关产品规划、需求、设计、开发、测试等研发工作。  任职资格： 1、计算机或相关专业毕业，3年以上开发经验； 2、熟悉Python编程、设计模式和组件技术； 3、熟悉Redis / MongoDB等NoSQL技术； 4、具备独立开发功能模块的能力； 5、逻辑思维清晰，能够独立承受工作压力。
西安逆袭网络科技有限公司, python开发工程师, 18-30万, 西安, 本科及以上, 3年工作经验, 职位描述：  1. 熟悉Python，掌握基本数据结构，熟悉标准数据库，认同Python设计理念；（编程语言） 2. 熟悉常见的Python框架，精通Tornado，flask，django优先；（服务框架） 3. 熟悉常见的数据库，熟练掌握PostgreSQL，Mongodb，Redis者优先（数据库） 4. 掌握Linux操作系统, 熟悉nginx, gunicorn； 5. 具有良好的编码习惯，文档书写习惯，优秀的团队合作和独立抗压能力，善于学习，乐于分享 6. 了解常见消息队列系统，RabbitMQ等 7、有大型管理后台及管理工具开发经验者优先
西安图迹信息科技有限公司, Python程序员, 5-7万, 西安, 本科及以上, 1年工作经验, 工作内容: 1.数据采集后台接口和计算后台作业开发。 2.维护软件使之保持可用性和稳定性。 3.和团队一起做数据进行统计、分析、挖掘，开发原型验证数学模型。 岗位要求： 1.熟悉Python语言，具备Python开发、调试经验。 2.掌握Flask、Tornado等Web框架；掌握Git的使用。 3.熟悉Python读写常见数据库的方法。 4.逻辑思维能力强，性格开朗，责任心强，工作积极主动；有良好的团队合作精神，有较强的沟通及协调能力；具备独发现问题和解决问题能力，自学能力强。 5.熟悉Python开发网络爬虫者优先；熟悉设计模式者优先；有撰写编码注释的习惯优先。
神州绿盟信息, 系统漏洞安全研究员（西安）, 12-18万, 西安-雁塔区, 本科及以上, 2年工作经验, 任职资格： 1、 本科及以上学历，2年及以上网络安全相关工作经验 2、 有Linux/Unix环境下的工作能力 3、 规范、严谨的C代码编写及调试能力 4、 至少熟练一种脚本语言（如：Python） 5、 TCP/IP及主要应用层协议的理解和分析能力 6、 对漏洞利用有一定理解和分析能力者优先 7、 爱好网络安全，并有研究和学习的兴趣 8、 具备一定的英文读写能力 工作职责： 职位工作内容简要综述：系统扫描插件研究员  工作职责： 1、 漏洞扫描插件开发工作 2、 漏洞利用或者攻击手法对应的扫描插件开发和协助测试 3、 系统插件相关反馈处理
神州绿盟信息, 工控安全研究员（西安）, 面议, 西安, 本科及以上, 3年工作经验, 职位工作内容简要综述： 1、研究工业控制系统安全相关课题； 2、承担工控安全产品技术支撑； 3、承担工控安全新产品技术预研。  岗位职责： 1、跟踪国内外工控系统安全事件； 2、研究前沿工控系统安全技术，分享研究成果； 3、通过逆向分析工控系统安全问题； 4、分析常见的工控通讯协议； 5、参与工控类新产品的预研，以及开发过程中的技术支撑。  任职要求： 1、工控软件开发与调试； 2、工控协议分析； 3、汇编语言，优先考虑工控系统汇编语言； 4、熟悉基础漏洞产生原因与利用原理； 5、linux系统的基础操作； 6、Python语言。
海尔家电产业集团-Uhome平台, 机器学习算法工程师（西安）, 面议, 西安-雁塔区, 统招本科, 3年工作经验, 岗位职责： 1、负责个性化推荐系统开发，实现相关大规模数据挖掘/机器学习算法； 2、参与设计和改进推荐引擎架构，提升在线推荐系统性能，稳定性，扩展性； 3、参与推荐策略设计，为推荐策略迭代提供高效和灵活的架构支撑； 4、跟踪互联网领域相关推荐和机器学习算法发展趋势，对前沿技术结合业务进行实验和落地；  任职要求： 1、有3年及以上的推荐系统、个性化搜索、广告引擎等相关领域较强的算法工作经验； 2、有Java，C++或Python等面向对象设计开发经验，具备较强的编码能力和扎实的数据结构和算法功底； 3、掌握运用Hadoop，Spark或MPI等开源平台和工具对大规模数据进行处理和计算； 4、熟悉常用的机器学习和数据挖掘算法，如分类，聚类，回归，协同过滤，内容过滤等，有大规模机器学习优化项目经验优先，有相关深度学习模型应用经验优先； 5、有大规模海量数据机器学习/数据挖掘/计算广告/搜索引擎相关经验优先； 6、具备良好的沟通和表达能力，有较好的产品意识。
智园软件, Python高级工程师, 16-31万, 西安, 本科及以上, 5年工作经验, 职位描述： 开发和维护公司的教育软件产品，主要基于B/S架构。 我们希望你： 有扎实的编程功底，热爱编程 有python相关技术栈开发经验，虽然在这里你将绝不会只用一种语言和技术编程 热爱且善于学习和钻研各种新技术、新语言 英语水平能够支撑自己及时获取和交流最新的技术信息 有良好的团队合作精神,有责任感,有较好的沟通能力 我们可以提供给你的是： 与国内最有经验的敏捷软件开发团队一起工作的机会，你将有机会采用最先进的技术，实践最极限的敏捷软件开发 结合领先的教育理念和技术，为改善教育行业做贡献
北京千锋互联科技, python讲师, 30-36万, 西安, 大专及以上, 经验不限, 一：岗位职责： 1、负责Python课程体系设计和完善； 2、负责Python课程爬虫、数据分析、网站开发的讲授； 3、完成领导交办的其它工作。 任职要求： 1. 至少2年以上Python编程经验； 2. 熟练运用Python语言及常用模块； 3. 熟练django等常用开发框架； 4. 熟练Mysql, oracle数据库中任何一种； 5. 熟练HTTP, Javascript, HTML。 6.熟练树莓派设备python开发 7.熟练python机器学习实战 8.精通Linux下Shell、Python两种脚本语言； 9.精通基于Linux应用程序的管理和配置，如Tomcat、Redis、Zookeeper、Jdk、Nginx、LVS、FastDFS、GFS等 分享 微信邮件
西安甄一创展网络科技有限公司, python开发, 18-36万, 西安-高新区, 统招本科, 3年工作经验, 职位描述： 1. 熟悉Python，掌握基本数据结构，熟悉标准数据库，认同Python设计理念；（编程语言） 2. 熟悉常见的Python框架，精通Tornado，flask，django优先；（服务框架） 3. 熟悉常见的数据库，熟练掌握PostgreSQL，Mongodb，Redis者优先（数据库） 4. 掌握Linux操作系统, 熟悉nginx, gunicorn； 5. 具有良好的编码习惯，文档书写习惯，优秀的团队合作和独立抗压能力，善于学习，乐于分享 6. 了解常见消息队列系统，RabbitMQ等
久耶供应链, 研发主管（python）, 10-17万, 西安-高新区, 统招本科, 5年工作经验, 1、负责参与软件项目周期的大部分工作，包括分析、设计、开发及后续部署运维等工作2、负责软件研发关键技术问题攻关、核心功能模块设计、核心代码开发； 3、负责软件系统重大bug跟进、性能优化、功能升级工作； 4、负责跟进程序员开发进度，审核程序员的设计及代码质量，确保项目进度和质量； 5、负责制定技术设计文档规范，对开发团队进行技术指导和培训；  岗位要求： 1. 本科及以上学历，计算机、软件工程、信息管理、计算机应用等理、工专业； 2. 5年以上Python开发经验, 3年以上python服务端开发经验； 3. 熟悉MVC架构，熟练掌握Python web开发框架，精通Flask或者其他Python Web开发框架者优先； 4. 具备数据库设计能力，精通掌握MySql者优先； 具备Linux环境、数据库、HTTP5 ,Redis, MongoDB等后端开发基础，有RESTful服务构架和应用经验优先 6. 熟悉Linux操作系统，熟悉Apache/Ngnix等Web Server的部署和应用； 7. 有大型网络服务开发，在高并发，高稳定性方面有经验者优先； 8. 具有优秀的团队合作和沟通协作能力，善于学习，乐于分享，能承受较大工作压力 9.带领过软件研发团队经验者优先；
Yeahmobi, 运维开发工程师【python / PHP】, 11-22万, 西安, 学历不限, 2年工作经验, 岗位职责：  1. 负责Yeahmobi运维平台和监控平台的设计和开发工作  2. 负责自动化运维平台开发.    岗位要求：  1.两年以上，具备Python或者PHP项目经验，熟练掌握Django等Web开发框架  2.熟悉Linux系统, MYSQL数据库, 有时序数据库和ELK日志分析开发经验优先.  3.具备web开发经验，熟练掌握JavaScript、HTML、JQuery、CSS相关技术  4.熟悉自动化运维工具(saltstack/ansible)的原理及使用.  5.有任务调度编排、监控系统、AWS云服务产品, CMDB系统相关开发经验者优先
文思海辉, python开发, 12-24万, 西安-高新区, 统招本科, 2年工作经验, 职责描述： 本科及以上学历, 有良好的计算机专业基础知识和扎实的编程功底 精通 Python 熟练掌握至少一门 Python web 开发框架(Django、Flask、Tornado等)； 熟悉 MySQL/PostgreSQL/Redis/MongoDB ； 熟悉 Linux 平台 优秀的分析问题和解决问题的能力，对解决具有挑战性问题充满激情 加分项： 熟悉 spark/hadoop/hbase 等至少一种分布式系统 有持续集成、 docker 、机器学习、数据可视化等相关经验者优先 熟悉 web 开发优先  任职要求： 本科及以上学历, 有良好的计算机专业基础知识和扎实的编程功底 精通 Python 熟练掌握至少一门 Python web 开发框架(Django、Flask、Tornado等)； 熟悉 MySQL/PostgreSQL/Redis/MongoDB ； 熟悉 Linux 平台 优秀的分析问题和解决问题的能力，对解决具有挑战性问题充满激情 加分项： 熟悉 spark/hadoop/hbase 等至少一种分布式系统 有持续集成、 docker 、机器学习、数据可视化等相关经验者优先 熟悉 web 开发优先
神州绿盟信息, 实习攻防研发工程师, 2-5万, 西安-雁塔区, 本科及以上, 经验不限, 职责描述： 漏洞自动验证的持续维护工作  任职要求： 基本要求： 1.有至少一年的python开发经验,知道python的网络编程和并发编程 2.对linux系统有基本的熟悉,使用知道linux的基本原理 3.有数据库的使用和编码经验 4.对web和系统安全有一定的了解，使用过安全工具wireshark,burpsuite,metaspoit,sqlmap,nmap 知道基本的漏洞原理，xss,sql注入，ddos攻击，java表达式注入，文件上传，命令注入 5.知道基本的http协议  加分项： 1.有自己的技术博客并且里面有大量的原创收录文章 2.有自己的github并有自己的开源项目 3.在安全论坛上面有自己提交的漏洞 4.参加过编程或者安全竞赛并取得名次 5.懂web开发或者自己搭建过web站点 6.信息安全专业，计算机专业，软件工程专业
西咸新区秦汉新城新丝路数字文化科技有限公司, 渲染技术指导（TD）, 12-18万, 西安, 本科及以上, 3年工作经验, 职责描述： 1.对渲染相关环节提供技术支持； 2.配置软件环境，安装、更新、维护后台软件与插件； 3.指导编写相应软件的渲染模版脚本，并能用脚本语言优化工作方式，提高效率； 4.开发、编写新工具或插件，辅助完成一些新技术的研发工作； 5.维护与测试商业软件； 6.与客户对接提供对接解决方案； 7.负责向上级汇报工作进展情况； 8.掌握其他经岗位培训后所必备的操作技能。 职位要求： 1.两年以上CG行业工作经验，对CG流程非常熟悉； 2.对渲染农场有深入了解，熟悉vray、anorld、mentelray等常用渲染器，能解决渲染问题； 3.熟悉3dsmax,maya等主流三维软件及插件的使用和制作流程，并能独立解决安装和使用的相关问题； 4.能够为三维制作软件编写工具或插件； 5.熟悉Mel、Python、MaxScript等脚本语言，能根据需求对制作软件进行相应的再开发； 6.熟悉Python各个类库，能够编写流程中需要的插件，并且可以熟练使用PyQt编写插件界面； 7.掌握html、js等前端开发技术； 8.了解MayaApI的开发，能够辅助完成一些新技术的研发工作； 9.有良好的沟通能力和组织管理能力，善于团队合作，有责任心； 10.有较强的解决能力，能善于主动发现问题、防范问题。
神州绿盟信息, Web开发工程师（西安）, 7-12万, 西安, 本科及以上, 2年工作经验, 主要职责： 1. 主要负责产品WEB应用层的设计与实现； 2. 必要时参与产品技术预研、产品化、维护、线上产品运维。  任职要求： 1. 五年以上研发经验； 2. 了解HTML； 3. 了解MVC开发模式，了解任意一个Web开发框架； 4. 了解PHP/Python二者之一； 5. 了解SQL语言； 6. 了解Linux基本命令  有满足下列任意一条者优先考虑： 1. 有Web安全研发经验者； 2. 擅长XTHML/DOM/Javacript/CSS者、擅长处理浏览器兼容性问题者； 3. 有互联网、移动互联网从业经验者； 4. 有复杂查询语句的调优经验、数据库调优经验者； 5. 擅长Linux环境下的Python语言编程、对Django框架熟悉者； 6. 擅长构建应用层框架、对大规模代码编程有深刻理解者。
神州绿盟信息, web开发工程师, 10-12万, 西安-高新区, 本科及以上, 2年工作经验, 岗位职责： 1. 参与产品中的开发设计工作； 2. 负责产品web开发； 3. 实现代码需要能够在大数据量、高并发的场景下有优异的性能和稳定性表现； 4. 能快速满足不断变化的业务提出的需求、应对大数据所带来的技术挑战；对业界领先的技术和平台进行研究、测试，并且能够应用在实际环境中。  岗位要求： 1. 2年以上相关工作经验； 2. 熟悉python，熟悉django（或其他python web开发框架）；如果熟悉php/java的web开发亦可； 3. 了解MVC开发模式； 4. 熟悉web前端开发，精通HTML/CSS/JavaScript等技术，对jQuery AngularJS有一定了解和使用； 5. 具备团队合作精神，积极的工作态度和较强的责任心，良好的沟通和学习能力。  优先考虑： 1. 有互联网从业背景； 2. 熟悉nginx、Redis、MongoDB、MySQL等开源软件； 3. 有过大规模性能调优经验； 4. 了解常见WEB攻击手段和防护技术。
瑞斯康达科技, 后台网站工程师, 10-12万, 西安, 统招本科, 1年工作经验, 职责描述： 1、负责资源网站的开发建设工作； 2、 负责内容的采集、维护、推荐； 3、 负责了解用户需求，收集用户反馈，分析用户行为及需求； 4、 负责资源数据库的建设与维护； 5、 负责用户数据库的建设与维护。   任职要求： 1、 大学本科以上学历 2、 熟练掌握多门主流程序设计语言（JAVA，PYTHON，GO等），具备良好的编码技巧； 3、 拥有数据库优化，服务器性能优化经验； 4、 工作有激情，具备良好的责任心、沟通技巧和团队合作精神； 5、 具备以下条件优先： l 计算机、数学等相关专业优先 l 师范类院校相关专业优先 l 有网站开发维护经验优先
神州绿盟信息, 工控安全攻防研究员（西安）, 10-14万, 西安-高新区, 统招本科, 3年工作经验, 岗位职责： 1、工控系统漏洞挖掘； 2、工控系统安全渗透测试； 3、工控安全技术预研。  岗位要求： 1、熟悉渗透测试步骤、方法、流程、熟练使用一定量渗透测试工具； 2、熟悉TCP/IP协议、路由、交换技术、主机、数据库相关产品配置及操作； 3、熟悉Linux操作系统原理，熟练使用Linux基本命令； 4、熟练掌握 C/PHP/Java/Python至少两种编程语言。  优先条件： 1、有CTF大赛经验者优先； 2、有工控现场经验值优先。
神州绿盟信息, 工控安全研究员（西安）, 11-14万, 西安-高新区, 统招本科, 2年工作经验, 职位工作内容简要综述： 1、研究工业控制系统安全相关课题； 2、承担工控安全产品技术支撑； 3、承担工控安全新产品技术预研。  岗位职责： 1、跟踪国内外工控系统安全事件； 2、研究前沿工控系统安全技术，分享研究成果； 3、通过逆向分析工控系统安全问题； 4、分析常见的工控通讯协议； 5、参与工控类新产品的预研，以及开发过程中的技术支撑。  任职要求： 1、工控软件开发与调试； 2、工控协议分析； 3、汇编语言，优先考虑工控系统汇编语言； 4、熟悉基础漏洞产生原因与利用原理； 5、linux系统的基础操作； 6、Python语言。
北京北信源软件股份有限公司西安分公司, 高级运维（DB）工程师, 面议, 西安, 大专及以上, 5年工作经验, 职位描述： 1.提供运维相关咨询，帮助客户解决疑难问题并提出改进建议； 2.对客户和内部交付团队提供运维相关技术支持和保障； 3.有敏锐的技术嗅觉，能非常熟练的掌握业界涌现的各种新技术和新工具； 4.工作责任心强、性格开朗、善于沟通、工作细心、做事有条理、善于在工作中学习与总结；  任职要求： 1.精通linux系统内核性能优化、操作系统的管理及一定的排错能力； 2.精通Shell、Python中的至少一种语言，负责产品的一键安装包制作； 3.熟练mysql数据库性能调优、错误排查、各种架构部署及备份恢复机制； 4.熟悉分布式系统下的tomcat、nginx、redis、fastdfs、ftp、mq等软件安装部署和调优； 5.有虚拟化、容器技术、产品部署方案等经验者优先； 6.具备较强的抗压能力，有良好的团队合作精神和沟通能力配合研发共同完成任务。
加速云, Java软件研发工程师2, 7-22万, 西安, 统招本科, 2年工作经验, 职责描述： 1、在主管指导下按照设计文档进行软件设计及编码； 2、熟悉软件开发流程，能够理解需求设计文档； 3、基于需求完成软件模块设计及编码，能够解决开发中的一般问题； 4、负责相关开发模块的测试，对unit测试有一定的了解。 任职要求： 1、本科及以上学历，计算机相关专业，2-3年Java Web项目开发经验； 2、熟悉Java编程语言；理解J2EE、Servlet、JSP、Javabean；熟练掌握Jquery框架； 3、熟悉MVC框架（Spring MVC/Struts）；熟悉ORM框架（Hibernate/Mybatis）； 4、熟悉Spring，理解IOC和AOP； 5、熟悉JavaScript、HTML、CSS、XML、ExtJS、JSON、AJAX等前端技术； 6、了解关系数据库原理，至少掌握Oracle、SQLSever、MySQL等数据库中的一种； 7、了解自动化测试，熟悉JUnit，能够开发UT、ST测试用例； 8、熟悉Linux/Unix操作系统；熟悉Python脚本优先； 9、具备良好的沟通和团队协作能力； 10、具有较强的学习能力和逻辑思维能力； 11、工作积极主动，具有高度的责任心。
华为, 深度学习平台开发工程师, 面议, 西安-雁塔区, 统招本科, 3年工作经验, 职责描述： 负责深度学习平台的开发及优化  任职要求： 1、全日制机器学习、数学专业 2、熟悉三大主流(TF、Caffe、MxNet)深度学习框架，并有项目开发经验； 3、熟悉Python、Java编程语言
西安蜂语信息科技有限公司, 自动化测试工程师, 8-11万, 西安, 本科及以上, 2年工作经验, 岗位职责： 1、参与需求和方案评审，负责根据需求描述进行需求分析、测试用例设计和编写； 2、负责Android、IOS系统移动端应用软件测试，测试报告输出； 3、根据产品功能特性，对产品特性建模，建设自动化防护体系。 4、根据项目特点，开发合适测试工具或自动化解决方案，提高测试效率。 5、实时跟踪产品缺陷，软件缺陷的管理、跟踪及评审。  任职要求： 1、计算机、通信、自动化等相关专业本科以上学历； 2、至少2年以上移动端应用软件自动化测试经验，对智能手机系统有较深的理解； 3、熟悉基于C/C++语言、Java等主流开发语言，具备代码走读能力； 4、熟练掌握至少一门脚本语言（python/ruby等），能完成自动化测试脚本、测试工具开发者优先； 5、熟悉黑盒、白盒测试理论； 6、精通测试流程和测试测试用例设计方法，具有解决复杂问题和编写自动测试工具的能力； 7、至少精通一种缺陷管理工具。
西安泽塔信息技术有限公司, 销售工程师, 10-14万, 西安, 本科及以上, 3年工作经验, 岗位职责： 1. 负责西北区域客户的开发、拓展及维护及管理； 2. 及时反馈市场和客户动态及购买需求，制定相应的销售计划和市场预测； 3. 根据公司的销售战略，制定详细销售目标，完成公司在目标市场的销售份额及资金回笼； 4. 督促执行合同内容，及时了解市场销售情况及客户回馈，对项目机会进行挖掘； 5. 按照既定的工作计划，对客户进行有效维护与对接； 6. 负责定期收集、整理、汇报客户资料和市场信息并进行分析与管理； 7. 负责制定确立合作伙伴、分销代理业务模式的渠道管理策略与实施方案； 任职要求： 1. 熟悉主流IT技术，包括存储、服务器、操作系统、网络、安全及相关解决方案； 2. 熟悉虚拟化及私有云平台产品及架构。 3. 熟悉openstack体系，云存储技术及分布式文件系统； 4. 熟悉X86的虚拟化技术、存储虚拟化技术、网络虚拟化技术； 5. 熟悉超融合架构及主流硬件产品； 6. 具有网络安全的相关知识和处理能力； 7. 掌握APACHE，NGINX等主流WEB server的安装和配置； 8. 具备shell或python脚本的编写和维护能力； 9. 熟悉MySQL、SQL server等主流数据库产品及架构
华为, 算法工程师, 24-60万, 西安-高新区, 统招本科, 2年工作经验, 职责描述： 1.AI人工智能平台通用通用算法包、图像视频算法包等算法开发 2.深度学习平台的开发及优化  任职要求： 1.熟悉数据挖掘相关算法(决策树、SVM、聚类、逻辑回归、贝叶斯等)，有扎实的基本功和良好的逻辑思维 能力 2.熟悉深度学习的基本原理DNN,CNN,RNN,能熟练使用一种以上深度学习keras,tensorflow,theano,caffe，mxnet等 3.熟悉Java或者Python语言,C++语言 4.理解数据仓库概念和技术，熟悉MySQL/Hive 5.有Hadoop/Spark/MPI相关经验者或者其他大规模数据处理经验者优先
西咸新区秦汉新城新丝路数字文化科技有限公司, C++开发工程师, 12-22万, 西安, 本科及以上, 3年工作经验, 岗位职责： 1. 负责客户端软件的产品开发和维护及代码重构； 2. 负责传输软件的开发、维护； 3. 对开发系统产生的需求和问题快速响应。  任职要求： 1. 精通C++编程技术，熟悉python，熟悉SQL Server、MySQL等数据库操作； 2. 精通tcp、udp编程，精通iocp、select、epoll等； 3. 熟悉windows/linux/Mac中的一种或多种，windows是必须项； 4. 熟悉文件或视频流传输优先； 5. 思路清晰，善于思考与沟通，良好的分析和独立解决问题的能力。
华为, 深度学习算法工程师, 面议, 西安-雁塔区, 统招本科, 3年工作经验, 职责描述： 负责AI平台图像算法包的设计与开发  任职要求： 1.熟悉深度学习的基本原理DNN,CNN,RNN,能熟练使用一种以上深度学习keras,tensorflow,theano,caffe，mxnet等 2.熟悉Java或者Python语言 3.有Hadoop/Spark相关项目开发经验者优先
瑞斯康达科技, 网络开发工程师, 10-12万, 西安, 统招本科, 1年工作经验, 职责描述： 1、负责转发网络架构建设、维护并持续优化 ； 2、负责服务器软件安装与配置； 3、配合软件工程师进行软件版本发布。  任职要求： 1、本科及以上学历，计算机及相关专业（统招本科）; 2、熟悉LINUX下python，node js脚本的编写 ; 3、熟练常用的数据库安装、配置、维护 如：mysql、mongoDB; 4、熟练操作SVN、Git ; 5、熟练使用VLAN技术; 6、深入理解网络底层通讯原理。
西咸新区秦汉新城新丝路数字文化科技有限公司, 三维开发工程师, 10-18万, 西安, 本科及以上, 3年工作经验, 岗位职责： 1、协助完成项目中涉及到的三维技术和制作问题。 2、负责项目开发及运维过程中其他相关工作。  职位要求： 1、本科以上学历, 3年以上相关经验； 2、熟练掌握3Ds MAX、Maya等软件，熟练使用3D脚本语言（MaxScript和MEL）； 3、有使用其他脚本语言和编程语言的经验（例如Perl, Python, DOS 批处理脚本，C/C++以及Maya API插件）； 4、掌握编程原理、技术、算法和数据结构； 5、有一定的沟通表达能力，具备学习掌握新知识的能力，良好的解决问题和逻辑思维能力； 6、对渲染农场有一定的了解，能够指导编写相应软件的渲染模板脚本。
北京北信源软件股份有限公司西安分公司, 运维（DB）工程师, 5-7万, 西安, 统招本科, 2年工作经验, 职位描述： 1. 管理服务器集群,保障服务稳定安全可用 2. 管理和配置软硬件的监控 3. 开发运维平台系统 4. 研究服务架构,实施架构优化。 任职要求： 5. 精通Linux操作系统 6. 熟悉数据库（mysql,oracle） 7. 熟悉互联网架构，有大型架构经验优先 8. 熟悉redis，docker,zookeeper,kafka 9. 熟悉shell,python
西安昭泰文化发展有限公司, 图形图像算法工程师, 18-30万, 西安, 本科及以上, 3年工作经验, 岗位职责： 1,针对实际应用场景,设计图像处理算法 2,配合服务端工程师编写图像处理接口  职位要求 1,计算机/电子信息/数学相关专业，本科及以上学历 2,熟练掌握C/C++/Python至少一种，动手能力强 3,熟悉opencv等常用cv库 4,了解常用深度学习框架(tensorflow/Caffe/PyTorch等) 5,扎实的数理基础，对计算机视觉算法研究有热情 6,积极向上，责任心强，有团队合作精神  满足以下条件之一者，优先考虑： 1,研究能力强，例如在顶级会议或期刊上发表过论文，拥有大量的国外文献阅读能力 2,在CV领域有实际项目经验(产品/竞赛/开源项目) 3.了解TCP/IP原理.
神州绿盟信息, 大数据研发工程师, 12-18万, 西安-雁塔区, 统招本科, 3年工作经验, 主要职责： 1、编写网络爬虫自动采集网络安全相关数据 2、大数据平台的开发、优化和维护工作 3、基于安全大数据进行的数据分析工作  任职要求： 1、本科以上学历，优秀学校毕业背景优先，有安全行业从业经验者优先。 2、熟悉linux上C/C++开发，有相关的项目经验 4、新技术学习能力强，有良好的分析和解决问题的能力， 5、积极向上，良好的团队沟通合作精神  具有以下条件优先考虑： 1、有网络爬虫相关开发经验 2、有python开发经验，熟悉hadoop、spark等开源大数据技术
神州绿盟信息, 资深软件研发工程师（西安）, 10-18万, 西安, 本科及以上, 3年工作经验, 主要职责： 1、网络安全相关产品的研发； 2、负责产品模块(后端)设计和开发工； 3、负责安全产品性能调优和维护；  任职要求： 1、教育程度：大学本科及以上学历, 不限专业； 2、比较强的C/C++/python编程/数据结构/软件工程基础，理解OO思想（面向对象、设计模式、STL使用等技术）； 3、至少3年Linux/Unix开发经验，有实际的开发实践经验，熟悉Linux/Unix Posix编程环境和调试环境，有网络设备或网络应用的开发及维护经验； 4、对网络协议有一定的理解，熟悉Unix下的网络编程，深入理解TCP/IP及主要应用层协议； 5、对系统扫描、web扫描技术、云计算或是大数据开发技术熟悉者优先，或有其他安全产品开发经验者优先； 6、具备团队合作精神，积极的工作态度和较强的责任心，良好的沟通和学习能力，有研发团队管理经验优先；
神州绿盟信息, web前端工程师（西安）, 7-14万, 西安, 本科及以上, 3年工作经验, 职位说明： 1、 进行云平台的研发工作； 2、 和ui/ue工程师共同设计最炫酷的用户体验； 3、 负责数据可视化方面的工作，为海量数据寻求***的展现形式； 4、 参与研发过程中的需求分析和架构设计； 5、 快速响应不断变化的运营需求。  职位要求： 1、 擅长html/css/javascript； 2、 精通jquery等js框架； 3、 熟悉php、python、java等语言（1门即可）； 4、 3年以上的相关工作经验； 5、 具备团队合作精神，积极的工作态度和较强的责任心，良好的沟通和学习能力。
北京北信源软件股份有限公司西安分公司, C++ 中级工程师, 7-10万, 西安, 本科及以上, 2年工作经验, 职位描述： 模块代码编写和维护、单元测试、技术文档编写。 任职要求： 1. 计算机类相关专业本科或以上学历，1-3年工作经验； 2. 精通C/C++，熟练掌握数据结构和算法、熟悉STL，掌握OOA与OOD基本方法； 3. 熟悉软件工程原理，具有软件质量意识； 4. 熟练使用linux系统命令，熟悉Linux系统平台软件开发，具备Linux平台下C/C++/Python程序开发经验； 5. 熟悉TCP/IP网络编程，熟悉多线程开发； 6. 熟悉SQL Server、MySQL、Oracle数据库开发； 7. 具有较强的事业心、责任感以及良好的沟通表达能力和团队协作精神。
北京北信源软件股份有限公司西安分公司, C++ 高级工程师, 面议, 西安, 本科及以上, 4年工作经验, 职位描述： 1. 根据任务需求，负责系统架构设计，组织团队完成模块设计和系统集成； 2. 模块代码编写和维护、单元测试、技术文档编写； 3. 团队成员技术培训。 任职要求： 1. 计算机类相关专业本科或以上学历，4年以上工作经验，主持2个以上项目的设计和开发； 2. 精通C/C++，熟练掌握数据结构和算法、熟悉STL，掌握OOA与OOD基本方法； 3. 熟悉软件工程原理，具有软件质量意识； 4. 熟悉windows平台软件开发，了解windows核心编程，具备MFC或QT开发经验，具备服务程序开发经验； 5. 熟练使用linux系统命令，熟悉Linux系统平台软件开发，具备Linux平台下C/C++/Python程序开发经验； 6. 熟悉TCP/IP网络编程，熟悉多线程开发； 7. 熟悉SQL Server、MySQL、Oracle数据库开发； 8. 具有较强的事业心、责任感以及良好的沟通表达能力和团队协作精神。
神州绿盟信息, 插件开发研究员（西安）, 12-18万, 西安-高新区, 本科及以上, 2年工作经验, 职位工作内容简要综述：系统扫描插件研究员  岗位职责： 1. 系统扫描插件开发工作； 2. 漏洞利用或攻击手法对应的扫描插件开发和协助测试； 3. 插件相关的反馈处理工作。  岗位要求： 1. 本科及以上学历，2年及以上网络安全相关工作经验； 2. 有在Linux/Unix环境下的工作能力； 3. 规范、严谨的C代码编写及调试能力； 4. Python/Perl等脚本的编写能力； 5. TCP/IP及主要应用层协议的理解和分析能力； 6. 漏洞利用的理解和分析能力；
神州绿盟信息, 云平台研发工程师（西安）, 13-20万, 西安-高新区, 本科及以上, 2年工作经验, 主要职责： 1.参与公司安全云数据平台的研发工作； 2.负责安全可视化呈现，为海量大数据寻求最佳的展现形式； 3.参与研发过程中的需求分析、架构设计、数据挖掘； 4.快速响应业务需求； 5.对业界领先的安全分析技术进行研究，并且能够应用在实际项目中；  任职要求： 1.2年以上相关工作经验； 2.熟悉python，熟悉django（或其他python web开发框架）；如果熟悉php/java的web开发亦可； 3.了解MVC开发模式； 4.对javascript有一定了解和使用； 5.具备团队合作精神，积极的工作态度和较强的责任心，良好的沟通和学习能力。  除了这些要求，如果你具备以下条件更优： 1.熟悉nginx、redis、mongoDB、mysql等开源软件； 2.熟悉一种js的框架，比如jQuery、AngularJS等。
神州绿盟信息, 资深软件研发工程师（西安）, 10-12万, 西安-高新区, 学历不限, 3年工作经验, 主要职责： 1、漏洞扫描类及相关产品的研发； 2、负责漏洞扫描系统的模块(后端)设计和开发工； 3、负责安全产品性能调优和维护；  任职要求： 1、教育程度：大学本科及以上学历, 不限专业； 2、比较强的C/C++/python编程/数据结构/软件工程基础，理解OO思想（面向对象、设计模式、STL使用等技术）； 3、至少3年Linux/Unix开发经验，有实际的开发实践经验，熟悉Linux/Unix Posix编程环境和调试环境，有网络设备或网络应用的开发及维护经验； 4、对网络协议有一定的理解，熟悉Unix下的网络编程，深入理解TCP/IP及主要应用层协议； 5、对系统扫描或是web扫描技术熟悉者优先，或有其他安全产品开发经验者优先； 6、具备团队合作精神，积极的工作态度和较强的责任心，良好的沟通和学习能力，有研发团队管理经验优先；
